r10, , , , , , , , , , , , , , , , ,r10, , ,s12, , ,s15,s16, , ,s11, , , , ,s18,s14,s17,s13, , , , ,2, , ,4, , ,7,8, , ,3, , ,10,6,9, ,5,1, , 
a, , , , , , , , , , , , , , , , , , , , , , , , , , , , , , , , , , , , , , , , , , , , , , , , , , , , , , , , , , , , 
r1, , , , , , , , , , , , , , , , , , , , , , , , , , , , , , , , , , , , , , , , , , , , , , , , , , , , , , , , , , , , 
r10, , , , , , , , , , , , , , , , ,r10, , ,s12, , ,s15,s16, , ,s11, , , , ,s18,s14,s17,s13, , , , ,19, , ,4, , ,7,8, , ,3, , ,10,6,9, ,5, , , 
r10, , , , , , , , , , , , , , , , ,r10, , ,s12, , ,s15,s16, , ,s11, , , , ,s18,s14,s17,s13, , , , ,20, , ,4, , ,7,8, , ,3, , ,10,6,9, ,5, , , 
r10, , , , , , , , , , , , , , , , ,r10, , ,s12, , ,s15,s16, , ,s11, , , , ,s18,s14,s17,s13, , , , ,21, , ,4, , ,7,8, , ,3, , ,10,6,9, ,5, , , 
r10, , , , , , , , , , , , , , , , ,r10, , ,s12, , ,s15,s16, , ,s11, , , , ,s18,s14,s17,s13, , , , ,22, , ,4, , ,7,8, , ,3, , ,10,6,9, ,5, , , 
r10, , , , , , , , , , , , , , , , ,r10, , ,s12, , ,s15,s16, , ,s11, , , , ,s18,s14,s17,s13, , , , ,23, , ,4, , ,7,8, , ,3, , ,10,6,9, ,5, , , 
r10, , , , , , , , , , , , , , , , ,r10, , ,s12, , ,s15,s16, , ,s11, , , , ,s18,s14,s17,s13, , , , ,24, , ,4, , ,7,8, , ,3, , ,10,6,9, ,5, , , 
r10, , , , , , , , , , , , , , , , ,r10, , ,s12, , ,s15,s16, , ,s11, , , , ,s18,s14,s17,s13, , , , ,25, , ,4, , ,7,8, , ,3, , ,10,6,9, ,5, , , 
r10, , , , , , , , , , , , , , , , ,r10, , ,s12, , ,s15,s16, , ,s11, , , , ,s18,s14,s17,s13, , , , ,26, , ,4, , ,7,8, , ,3, , ,10,6,9, ,5, , , 
 , ,s32, , , , ,s31, , , , , , , , , , , ,s37, , , , , , ,s38, , , ,s36, , , , , , , , ,28, ,34, , , ,29, , ,30, , , ,33, , , ,27, , , ,35
 , , , , , , , , , , , , , , , , , , , , , , , , , ,s40, , , , , , , , , , , , , , , , , , , , , , ,39, , , , , , , , , , , 
 , , , , , , , , , , , , , , , , , , , , , , , , , ,s41, , , , , , , , , , , , , , , , , , , , , , , , , , , , , , , , , , 
 , ,s32, , , , ,s31, , , , , , , , , , , ,s37, , , , , , ,s38, , , ,s36, , , , , ,s43, , ,42, ,34, , , ,29, , ,30, , , ,33, , , , , , , ,35
 , , , , , , , , , , , , , , , , , , , , , , , , , ,s38, , , , , , , , , , , , , , , , , , , , , , , , , , , , , , , , , ,44
 , , , , , , , , , , , , , , , , , , , , , , , , , ,s38, , , , , , , , , , , , , , , , , , , , , , , , , , , , , , , , , ,45
 , , , , , , , , , , , , , , , , , , , , , , , , , ,s38, , , , , , , , , , , , , , , , , , , , , , , , , , , , , , , , , ,46
 , , , , , , , , , , , , , , , , , , ,s37, , , , , , ,s38, , , ,s36, , , , , ,s48, , , , ,34, , , , , , , , , , ,47, , , , , , , ,35
r2, , , , , , , , , , , , , , , , ,r2, , , , , , , , , , , , , , , , , , , , , , , , , , , , , , , , , , , , , , , , , , , 
r3, , , , , , , , , , , , , , , , ,r3, , , , , , , , , , , , , , , , , , , , , , , , , , , , , , , , , , , , , , , , , , , 
r4, , , , , , , , , , , , , , , , ,r4, , , , , , , , , , , , , , , , , , , , , , , , , , , , , , , , , , , , , , , , , , , 
r5, , , , , , , , , , , , , , , , ,r5, , , , , , , , , , , , , , , , , , , , , , , , , , , , , , , , , , , , , , , , , , , 
r6, , , , , , , , , , , , , , , , ,r6, , , , , , , , , , , , , , , , , , , , , , , , , , , , , , , , , , , , , , , , , , , 
r7, , , , , , , , , , , , , , , , ,r7, , , , , , , , , , , , , , , , , , , , , , , , , , , , , , , , , , , , , , , , , , , 
r8, , , , , , , , , , , , , , , , ,r8, , , , , , , , , , , , , , , , , , , , , , , , , , , , , , , , , , , , , , , , , , , 
r9, , , , , , , , , , , , , , , , ,r9, , , , , , , , , , , , , , , , , , , , , , , , , , , , , , , , , , , , , , , , , , , 
 , , , , , , , , , , , , , , , , , , , , , , , , , , , , , , , , , , , , ,s49, , , , , , , , , , , , , , , , , , , , , , , 
 , , , , ,s51, ,s52, , ,s53,s55,s57,s58,s54,s56, , , , , , , , , , , , , , , , , , , , , , , , , , , , , , , , , , , ,50, , , , , , , , , 
 ,s61, ,r23,s59,r23, ,r23,r23,s60,r23,r23,r23,r23,r23,r23, ,r23, , , ,r23, , , , , , ,r23, , , , , , , , ,r23,r23, , , , , , , , , , , , , , , , , , , , , , 
 ,r27, ,r27,r27,r27, ,r27,r27,r27,r27,r27,r27,r27,r27,r27, ,r27, , , ,r27, , , , , , ,r27, , , , , , , , ,r27,r27, , , , , , , , , , , , , , , , , , , , , , 
 , ,s32, , , , , , , , , , , , , , , , ,s37, , , , , , ,s38, , , ,s36, , , , , , , , , , ,34, , , , , , ,62, , , ,33, , , , , , , ,35
 , ,s32, , , , ,s31, , , , , , , , , , , ,s37, , , , , , ,s38, , , ,s36, , , , , , , , ,63, ,34, , , ,29, , ,30, , , ,33, , , , , , , ,35
 ,r30, ,r30,r30,r30, ,r30,r30,r30,r30,r30,r30,r30,r30,r30, ,r30, , , ,r30, , , , , , ,r30, , , , , , , , ,r30,r30, , , , , , , , , , , , , , , , , , , , , , 
 ,r31, ,r31,r31,r31, ,r31,r31,r31,r31,r31,r31,r31,r31,r31, ,r31, , , ,r31, , , , , , ,r31, , , , , , , , ,r31,r31, , , , , , , , , , , , , , , , , , , , , , 
 ,r32, ,r32,r32,r32, ,r32,r32,r32,r32,r32,r32,r32,r32,r32, ,r32, , , ,r32, , , , , , ,r32, , , , , , , , ,r32,r32, , , , , , , , , , , , , , , , , , , , , , 
 ,r33, ,r33,r33,r33, ,r33,r33,r33,r33,r33,r33,r33,r33,r33, ,r33, , , ,r33, , , , , , ,r33, , , , , , , , ,r33,r33, , , , , , , , , , , , , , , , , , , , , , 
 ,r34, ,r34,r34,r34, ,r34,r34,r34,r34,r34,r34,r34,r34,r34, ,r34, , , ,r34, , , , , , ,r34, , , , , , , , ,r34,r34, , , , , , , , , , , , , , , , , , , , , , 
 ,r36, ,r36,r36,r36, ,r36,r36,r36,r36,r36,r36,r36,r36,r36,s64,r36, , , ,r36, , , ,r36, , ,r36, , , , , , , , ,r36,r36, , , , , , , , , , , , , , , , , , , , , , 
 , , , , , ,s66, , , , , , , , , , , ,r13, , , , , , , , , , , , , , , , , , , , , , , ,65, , , , , , , , , , , , , , , , , , 
 , , , , , ,r14, , , , , , , , , ,s67, ,r14, , , , , , , , , , , , , , , , , , , , , , , , , , , , , , , , , , , , , , , , , , 
 , , , , , , , , , , , , , , , , , , , , , , , , , , , , , , , , , , , , , ,s68, , , , , , , , , , , , , , , , , , , , , , 
 , , , , ,s51, ,s52, , , , , , , , , , , , , , , , , , , , ,s69, , , , , , , , , , , , , , , , , , , , , , , , , , , , , , , , 
 , , , , , , , , , , , , , , , , , , , , , , , , , , , ,s70, , , , , , , , , , , , , , , , , , , , , , , , , , , , , , , , 
 , , , , , , , , , , , , , , , , , , , , , , , , ,s71, , , , , , , , , , , , , , , , , , , , , , , , , , , , , , , , , , , 
 , , , , , , , , , , , , , , , , , , , , , , , , , , , ,s72, , , , , , , , , , , , , , , , , , , , , , , , , , , , , , , , 
 , , , , , , , ,s73, , , , , , , , , , , , , , , , , , , , , , , , , , , , , , , , , , , , , , , , , , , , , , , , , , , , 
 , , , , , , , ,s74, , , , , , , , , , , , , , , , , , , , , , , , , , , , , , , , , , , , , , , , , , , , , , , , , , , , 
 , , , , , , , ,s75, , , , , , , , , , , , , , , , , , , , , , , , , , , , , , , , , , , , , , , , , , , , , , , , , , , , 
 , , , , , , , , , , , , , , , ,s76, , , , , , , , , , , , , , , , , , , , , , , , , , , , , , , , , , , , , , , , , , , , 
 , ,s32, , , , ,s31, , , , , , , , , , , ,s37, , , , , , ,s38, , , ,s36, , , , , , , , ,77, ,34, , , ,29, , ,30, , , ,33, , , , , , , ,35
 , ,s32, , , , ,s31, , , , , , , , , , , ,s37, , , , , , ,s38, , , ,s36, , , , , , , , , , ,34, , , ,78, , ,30, , , ,33, , , , , , , ,35
 , ,s32, , , , ,s31, , , , , , , , , , , ,s37, , , , , , ,s38, , , ,s36, , , , , , , , , , ,34, , , ,79, , ,30, , , ,33, , , , , , , ,35
 , ,r38, , , , ,r38, , , , , , , , , , , ,r38, , , , , , ,r38, , , ,r38, , , , , , , , , , , , , , , , , , , , , , , , , , , , , , 
 , ,r39, , , , ,r39, , , , , , , , , , , ,r39, , , , , , ,r39, , , ,r39, , , , , , , , , , , , , , , , , , , , , , , , , , , , , , 
 , ,r40, , , , ,r40, , , , , , , , , , , ,r40, , , , , , ,r40, , , ,r40, , , , , , , , , , , , , , , , , , , , , , , , , , , , , , 
 , ,r41, , , , ,r41, , , , , , , , , , , ,r41, , , , , , ,r41, , , ,r41, , , , , , , , , , , , , , , , , , , , , , , , , , , , , , 
 , ,r42, , , , ,r42, , , , , , , , , , , ,r42, , , , , , ,r42, , , ,r42, , , , , , , , , , , , , , , , , , , , , , , , , , , , , , 
 , ,r43, , , , ,r43, , , , , , , , , , , ,r43, , , , , , ,r43, , , ,r43, , , , , , , , , , , , , , , , , , , , , , , , , , , , , , 
 , ,s32, , , , , , , , , , , , , , , , ,s37, , , , , , ,s38, , , ,s36, , , , , , , , , , ,34, , , , , , ,80, , , ,33, , , , , , , ,35
 , ,s32, , , , , , , , , , , , , , , , ,s37, , , , , , ,s38, , , ,s36, , , , , , , , , , ,34, , , , , , ,81, , , ,33, , , , , , , ,35
 , ,s32, , , , , , , , , , , , , , , , ,s37, , , , , , ,s38, , , ,s36, , , , , , , , , , ,34, , , , , , ,82, , , ,33, , , , , , , ,35
 ,r28, ,r28,r28,r28, ,r28,r28,r28,r28,r28,r28,r28,r28,r28, ,r28, , , ,r28, , , , , , ,r28, , , , , , , , ,r28,r28, , , , , , , , , , , , , , , , , , , , , , 
 , , ,s83, ,s51, ,s52, , , , , , , , , , , , , , , , , , , , , , , , , , , , , , , , , , , , , , , , , , , , , , , , , , , , , 
 , ,s32, , , , ,s31, , , , , , , , , , , ,s37, , , , , , ,s38, , , ,s36, , , , , , , , ,84, ,34, , , ,29, , ,30, , , ,33, , , , , , , ,35
 , , , , , , , , , , , , , , , , , ,s85, , , , , , , , , , , , , , , , , , , , , , , , , , , , , , , , , , , , , , , , , , 
 , , , , , , , , , , , , , , , , , , , , , , , , , ,s40, , , , , , , , , , , , , , , , , , , , , , ,86, , , , , , , , , , , 
 , , , , , , , , , , , , , , , , ,s87, , , , , , , , , , , , , , , , , , , , , , , , , , , , , , , , , , , , , , , , , , , 
 , ,s32, , , , ,s31, , , , , , , , , , , ,s37, , , , , , ,s38, , , ,s36, , , , , , , , ,88, ,34, , , ,29, , ,30, , , ,33, , , , , , , ,35
 , , , , , , , , , , , , , , , , , , , , , , , , , ,s38, , , , , , , , , , , , , , , , , , , , , , , , , , , , , , , , , ,89
 , , , , , , , , , , , , , , , , , , , , , , , , , ,s90, , , , , , , , , , , , , , , , , , , , , , , , , , , , , , , , , , 
 , ,s32, , , , ,s31, , , , , , , , , , , ,s37, , , , , , ,s38, , , ,s36, , , , , , , , ,91, ,34, , , ,29, , ,30, , , ,33, , , , , , , ,35
 , , , , , , , , , , , , , , , , , , , , , , , , , ,s92, , , , , , , , , , , , , , , , , , , , , , , , , , , , , , , , , , 
r49, , , , , , , , , , , , , , , , ,r49, , ,r49, , ,r49,r49, , ,r49, , , , ,r49,r49,r49,r49, , , , , , , , , , , , , , , , , , , , , , , , , 
r50, , , , , , , , , , , , , , , , ,r50, , ,r50, , ,r50,r50, , ,r50, , , , ,r50,r50,r50,r50, , , , , , , , , , , , , , , , , , , , , , , , , 
r51, , , , , , , , , , , , , , , , ,r51, , ,r51, , ,r51,r51, , ,r51, , , , ,r51,r51,r51,r51, , , , , , , , , , , , , , , , , , , , , , , , , 
r10, , , , , , , , , , , , , , , , ,r10, , ,s12, , ,s15,s16, , ,s11, , , , ,s18,s14,s17,s13, , , , ,93, , ,4, , ,7,8, , ,3, , ,10,6,9, ,5, , , 
 , , , , ,s51, ,s52, , , , , , , , , , , , , , , , , , , , , , , , , , , , , ,r37, , , , , , , , , , , , , , , , , , , , , , , 
 ,s61, ,r21,s59,r21, ,r21,r21,s60,r21,r21,r21,r21,r21,r21, ,r21, , , ,r21, , , , , , ,r21, , , , , , , , ,r21,r21, , , , , , , , , , , , , , , , , , , , , , 
 ,s61, ,r22,s59,r22, ,r22,r22,s60,r22,r22,r22,r22,r22,r22, ,r22, , , ,r22, , , , , , ,r22, , , , , , , , ,r22,r22, , , , , , , , , , , , , , , , , , , , , , 
 ,r24, ,r24,r24,r24, ,r24,r24,r24,r24,r24,r24,r24,r24,r24, ,r24, , , ,r24, , , , , , ,r24, , , , , , , , ,r24,r24, , , , , , , , , , , , , , , , , , , , , , 
 ,r25, ,r25,r25,r25, ,r25,r25,r25,r25,r25,r25,r25,r25,r25, ,r25, , , ,r25, , , , , , ,r25, , , , , , , , ,r25,r25, , , , , , , , , , , , , , , , , , , , , , 
 ,r26, ,r26,r26,r26, ,r26,r26,r26,r26,r26,r26,r26,r26,r26, ,r26, , , ,r26, , , , , , ,r26, , , , , , , , ,r26,r26, , , , , , , , , , , , , , , , , , , , , , 
 ,r29, ,r29,r29,r29, ,r29,r29,r29,r29,r29,r29,r29,r29,r29, ,r29, , , ,r29, , , , , , ,r29, , , , , , , , ,r29,r29, , , , , , , , , , , , , , , , , , , , , , 
 , , , , ,s51, ,s52, , , , , , , , , ,s94, , , , , , , , , , , , , , , , , , , , , , , , , , , , , , , , , , , , , , , , , , , 
 , , , , , , , , , , , , , , , , , , , , , , , , , , , , ,s97, ,s96, , , , , , , , , , , , , , , , , , , , , , , , , , , ,95, 
 , , , , , ,s66, , , , , , , , , , , ,r13, , , , , , , , , , , , , , , , , , , , , , , ,98, , , , , , , , , , , , , , , , , , 
 , , , , , ,r15, , , , , , , , , , , ,r15, , , , , , , , , , , , , , , , , , , , , , , , , , , , , , , , , , , , , , , , , , 
 , , , , ,s51, ,s52,s99, , , , , , , , , , , , , , , , , , , , , , , , , , , , , , , , , , , , , , , , , , , , , , , , , , , , 
 , , , , , , , ,s100, , , , , , , , , , , , , , , , , , , , , , , , , , , , , , , , , , , , , , , , , , , , , , , , , , , , 
 , , , , , , , ,s101, , , , , , , , , , , , , , , , , , , , , , , , , , , , , , , , , , , , , , , , , , , , , , , , , , , , 
 , , , , ,s51, ,s52, , , , , , , , , , , , , , , , , , , , , , , , , , , , , , ,s102, , , , , , , , , , , , , , , , , , , , , , 
 , , , , , , , , , , , , , , , , , , , , ,s103, , , , , , , , , , , , , , , , , , , , , , , , , , , , , , , , , , , , , , , 
 , , , , , , , , , , , , , , , , ,s104, , , , , , , , , , , , , , , , , , , , , , , , , , , , , , , , , , , , , , , , , , , 
 ,r35, ,r35,r35,r35, ,r35,r35,r35,r35,r35,r35,r35,r35,r35, ,r35, , , ,r35, , , ,r35, , ,r35, , , , , , , , ,r35,r35, , , , , , , , , , , , , , , , , , , , , , 
 , , , , , , , ,s105, , , , , , , , , , , , , , , , , , , , , , , , , , , , , , , , , , , , , , , , , , , , , , , , , , , , 
 , , , , , , , ,r16, , , , , , , , , , , , , , , , , , , , , , , , , , , , , , , , , , , , , , , , , , , , , , , , , , , , 
 , , , , , , , ,r17, , , , , , , , , , , , , , , , , , , , , , , , , , , , , , , , , , , , , , , , , , , , , , , , , , , , 
 , , , , , , , , , , , , , , , , , ,r12, , , , , , , , , , , , , , , , , , , , , , , , , , , , , , , , , , , , , , , , , , 
r18, , , , , , , , , , , , , , , , ,r18, , ,r18, , ,r18,r18, , ,r18, , , , ,r18,r18,r18,r18, , , , , , , , , , , , , , , , , , , , , , , , , 
r19, , , , , , , , , , , , , , , , ,r19, , ,r19, , ,r19,r19, , ,r19, , , , ,r19,r19,r19,r19, , , , , , , , , , , , , , , , , , , , , , , , , 
r20, , , , , , , , , , , , , , , , ,r20, , ,r20, , ,r20,r20, , ,r20, , , , ,r20,r20,r20,r20, , , , , , , , , , , , , , , , , , , , , , , , , 
 , ,s32, , , , ,s31, , , , , , , , , , , ,s37, , , , , , ,s38, , , ,s36, , , , , , , , ,106, ,34, , , ,29, , ,30, , , ,33, , , , , , , ,35
 , , , , , , , , , , , , , , , ,s107, , , , , , , , , , , , , , , , , , , , , , , , , , , , , , , , , , , , , , , , , , , , 
r46, , , , , , , , , , , , , , , , ,r46, , ,r46, ,s109,r46,r46, , ,r46, , , , ,r46,r46,r46,r46, , , , , , , , ,108, , , , , , , , , , , , , , , , 
r11, , , , , , , , , , , , , , , , ,r11, , ,r11, , ,r11,r11, , ,r11, , , , ,r11,r11,r11,r11, , , , , , , , , , , , , , , , , , , , , , , , , 
 , , , , ,s51, ,s52, , , , , , , , , , , , , ,s110, , , , , , , , , , , , , , , , , , , , , , , , , , , , , , , , , , , , , , , 
r10, , , , , , , , , , , , , , , , ,r10, , ,s12, , ,s15,s16, , ,s11, , , , ,s18,s14,s17,s13, , , , ,111, , ,4, , ,7,8, , ,3, , ,10,6,9, ,5, , , 
r44, , , , , , , , , , , , , , , , ,r44, , ,r44, , ,r44,r44, , ,r44, , , , ,r44,r44,r44,r44, , , , , , , , , , , , , , , , , , , , , , , , , 
 , , , , , , , , , , , , , , , ,s112, , , , , , , , , , , , , , , , , , , , , , , , , , , , , , , , , , , , , , , , , , , , 
 , , , , , , , , , , , , , , , ,s113, , , , , , , , , , , , , , , , , , , , , , , , , , , , , , , , , , , , , , , , , , , , 
 , , , , , , , , , , , , , , , , ,s114, , , , , , , , , , , , , , , , , , , , , , , , , , , , , , , , , , , , , , , , , , , 
r10, , , , , , , , , , , , , , , , ,r10, , ,s12, , ,s15,s16, , ,s11, , , , ,s18,s14,s17,s13, , , , ,115, , ,4, , ,7,8, , ,3, , ,10,6,9, ,5, , , 
r10, , , , , , , , , , , , , , , , ,r10, , ,s12, , ,s15,s16, , ,s11, , , , ,s18,s14,s17,s13, , , , ,116, , ,4, , ,7,8, , ,3, , ,10,6,9, ,5, , , 
r48, , , , , , , , , , , , , , , , ,r48, , ,r48, , ,r48,r48, , ,r48, , , , ,r48,r48,r48,r48, , , , , , , , , , , , , , , , , , , , , , , , , 
 , , , , , , , , , , , , , , , , ,s117, , , , , , , , , , , , , , , , , , , , , , , , , , , , , , , , , , , , , , , , , , , 
 , , , , , , , , , , , , , , , , ,s118, , , , , , , , , , , , , , , , , , , , , , , , , , , , , , , , , , , , , , , , , , , 
r45, , , , , , , , , , , , , , , , ,r45, , ,r45, , ,r45,r45, , ,r45, , , , ,r45,r45,r45,r45, , , , , , , , , , , , , , , , , , , , , , , , , 
r47, , , , , , , , , , , , , , , , ,r47, , ,r47, , ,r47,r47, , ,r47, , , , ,r47,r47,r47,r47, , , , , , , , , , , , , , , , , , , , , , , , , 
